Especie;Orden;Familia;CITES;IUCN;Distribucion
Apis mellifera;Hymenoptera;APIDAE;NA;No Evaluado (NE);Cosmopolita
Frieseomelitta nigra;Hymenoptera;APIDAE;NA;No Evaluado (NE);Restringida
Geotrigona chiriquiensis;Hymenoptera;APIDAE;NA;No Evaluado (NE);Restringida
Melipona favosa;Hymenoptera;APIDAE;NA;No Evaluado (NE);Restringida
Partamona musarum;Hymenoptera;APIDAE;NA;No Evaluado (NE);Restringida
Apoica pallens;Hymenoptera;VESPIDAE;NA;No Evaluado (NE);Restringida
Brachygastra lecheguana;Hymenoptera;VESPIDAE;NA;No Evaluado (NE);Restringida
Mischocyttarus sp;Hymenoptera;VESPIDAE;NA;No Evaluado (NE);Restringida
Parachartergus colobopterus;Hymenoptera;VESPIDAE;NA;No Evaluado (NE);Restringida
Polistes carnifex;Hymenoptera;VESPIDAE;NA;No Evaluado (NE);Restringida
Polistes versicolor;Hymenoptera;VESPIDAE;NA;No Evaluado (NE);Restringida
Polybia ignobilis;Hymenoptera;VESPIDAE;NA;No Evaluado (NE);Restringida
Polybia occidentalis;Hymenoptera;VESPIDAE;NA;No Evaluado (NE);Restringida
Polybia sp;Hymenoptera;VESPIDAE;NA;No Evaluado (NE);Restringida
Polybia velutina;Hymenoptera;VESPIDAE;NA;No Evaluado (NE);Restringida
Trichopodus pectoralis;Anabantiformes;OSPHRONEMIDAE;NA;Preocupación Menor (LC);Cosmopolita
Andinoacara latifrons;Blenniiformes;CICHLIDAE;NA;Preocupación Menor (LC);Endémica
Caquetaia kraussii;Blenniiformes;CICHLIDAE;NA;No Evaluado (NE);Restringida
Poecilia caucana;Blenniiformes;POECILIIDAE;NA;Preocupación Menor (LC);Restringida
Rachovia hummelincki;Blenniiformes;RIVULIDAE;NA;No Evaluado (NE);Restringida
Rachovia myersi;Blenniiformes;RIVULIDAE;NA;En Peligro (EN);Endémica
Rachovia sp1;Blenniiformes;RIVULIDAE;NA;NA;Restringida
Rachovia sp2;Blenniiformes;RIVULIDAE;NA;NA;Restringida
Megaleporinus muyscorum;Characiformes;ANOSTOMIDAE;NA;Vulnerable (VU);Endémica
Astyanax aff. fasciatus;Characiformes;CHARACIDAE;NA;NA;Restringida
Astyanax magdalenae;Characiformes;CHARACIDAE;NA;No Evaluado (NE);Restringida
Hyphessobrycon proteus;Characiformes;CHARACIDAE;NA;Preocupación Menor (LC);Endémica
Roeboides dayi;Characiformes;CHARACIDAE;NA;Preocupación Menor (LC);Restringida
Ctenolucius hujeta;Characiformes;CTENOLUCIIDAE;NA;No Evaluado (NE);Restringida
Cyphocharax magdalenae;Characiformes;CURIMATIDAE;NA;Preocupación Menor (LC);Restringida
Hoplias malabaricus;Characiformes;ERYTHRINIDAE;NA;Preocupación Menor (LC);Restringida
Prochilodus magdalenae;Characiformes;PROCHILODONTIDAE;NA;Datos Insuficientes (DD);Endémica
Brachyhypopomus occidentalis;Gymnotiformes;HYPOPOMIDAE;NA;Preocupación Menor (LC);Restringida
Eigenmannia camposi;Gymnotiformes;STERNOPYGIDAE;NA;No Evaluado (NE);Endémica
Sternopygus aequilabiatus;Gymnotiformes;STERNOPYGIDAE;NA;Preocupación Menor (LC);Restringida
Trachelyopterus insignis;Siluriformes;AUCHENIPTERIDAE;NA;Preocupación Menor (LC);Endémica
Hoplosternum magdalenae;Siluriformes;CALLICHTHYIDAE;NA;Preocupación Menor (LC);Restringida
Rhamdia guatemalensis;Siluriformes;HEPTAPTERIDAE;NA;Preocupación Menor (LC);Restringida
Dasyloricaria filamentosa;Siluriformes;LORICARIIDAE;NA;Preocupación Menor (LC);Endémica
Synbranchus marmoratus;Synbranchiformes;SYNBRANCHIDAE;NA;Preocupación Menor (LC);Restringida
Rhinella horribilis;Anura;BUFONIDAE;NA;Preocupación Menor (LC);Restringida
Rhinella humboldti;Anura;BUFONIDAE;NA;Preocupación Menor (LC);Endémica
Ceratophrys calcarata;Anura;CERATOPHRYIDAE;NA;Preocupación Menor (LC);Restringida
Boana platanera;Anura;HYLIDAE;NA;Preocupación Menor (LC);Restringida
Boana pugnax;Anura;HYLIDAE;NA;Preocupación Menor (LC);Restringida
Dendropsophus microcephalus;Anura;HYLIDAE;NA;Preocupación Menor (LC);Restringida
Pseudis paradoxa;Anura;HYLIDAE;NA;Preocupación Menor (LC);Restringida
Scarthyla vigilans;Anura;HYLIDAE;NA;Preocupación Menor (LC);Restringida
Scinax ruber;Anura;HYLIDAE;NA;Preocupación Menor (LC);Restringida
Trachycephalus typhonius;Anura;HYLIDAE;NA;Preocupación Menor (LC);Restringida
Engystomops pustulosus;Anura;LEPTODACTYLIDAE;NA;Preocupación Menor (LC);Restringida
Leptodactylus fragilis;Anura;LEPTODACTYLIDAE;NA;Preocupación Menor (LC);Restringida
Leptodactylus fuscus;Anura;LEPTODACTYLIDAE;NA;Preocupación Menor (LC);Restringida
Leptodactylus insularum;Anura;LEPTODACTYLIDAE;NA;Preocupación Menor (LC);Restringida
Leptodactylus poecilochilus;Anura;LEPTODACTYLIDAE;NA;Preocupación Menor (LC);Restringida
Leptodactylus sp;Anura;LEPTODACTYLIDAE;NA;Preocupación Menor (LC);Restringida
Pleurodema brachyops;Anura;LEPTODACTYLIDAE;NA;Preocupación Menor (LC);Restringida
Pseudopaludicola pusilla;Anura;LEPTODACTYLIDAE;NA;Preocupación Menor (LC);Restringida
Elachistocleis panamensis;Anura;MICROHYLIDAE;NA;Preocupación Menor (LC);Restringida
Elachistocleis pearsei;Anura;MICROHYLIDAE;NA;Preocupación Menor (LC);Restringida
Caecilia subnigricans;Gymnophiona;CAECILIIDAE;NA;Preocupación Menor (LC);Restringida
Typhlonectes natans;Gymnophiona;TYPHLONECTIDAE;NA;Preocupación Menor (LC);Restringida
Busarellus nigricollis;Accipitriformes;ACCIPITRIDAE;Apéndice II;Preocupación Menor (LC);Restringida
Buteo nitidus;Accipitriformes;ACCIPITRIDAE;Apéndice II;Preocupación Menor (LC);Restringida
Buteogallus anthracinus;Accipitriformes;ACCIPITRIDAE;Apéndice II;Preocupación Menor (LC);Restringida
Buteogallus meridionalis;Accipitriformes;ACCIPITRIDAE;Apéndice II;Preocupación Menor (LC);Restringida
Buteogallus urubitinga;Accipitriformes;ACCIPITRIDAE;Apéndice II;Preocupación Menor (LC);Restringida
Elanus leucurus;Accipitriformes;ACCIPITRIDAE;Apéndice II;Preocupación Menor (LC);Restringida
Gampsonyx swainsonii;Accipitriformes;ACCIPITRIDAE;Apéndice II;Preocupación Menor (LC);Restringida
Geranospiza caerulescens;Accipitriformes;ACCIPITRIDAE;Apéndice II;Preocupación Menor (LC);Restringida
Leptodon cayanensis;Accipitriformes;ACCIPITRIDAE;Apéndice II;Preocupación Menor (LC);Restringida
ACCIPITRIDAE sp;Accipitriformes;ACCIPITRIDAE;Apéndice II;NA;Restringida
Parabuteo unicinctus;Accipitriformes;ACCIPITRIDAE;Apéndice II;Preocupación Menor (LC);Restringida
Rostrhamus sociabilis;Accipitriformes;ACCIPITRIDAE;Apéndice II;Preocupación Menor (LC);Restringida
Rupornis magnirostris;Accipitriformes;ACCIPITRIDAE;Apéndice II;Preocupación Menor (LC);Restringida
Dendrocygna autumnalis;Anseriformes;ANATIDAE;NA;Preocupación Menor (LC);Restringida
Dendrocygna bicolor;Anseriformes;ANATIDAE;NA;Preocupación Menor (LC);Restringida
Dendrocygna viduata;Anseriformes;ANATIDAE;NA;Preocupación Menor (LC);Restringida
Amazilia tzacatl;Apodiformes;TROCHILIDAE;Apéndice II;Preocupación Menor (LC);Restringida
Anthracothorax nigricollis;Apodiformes;TROCHILIDAE;Apéndice II;Preocupación Menor (LC);Restringida
Chlorostilbon gibsoni;Apodiformes;TROCHILIDAE;Apéndice II;Preocupación Menor (LC);Casi endémica
Chrysuronia goudoti;Apodiformes;TROCHILIDAE;Apéndice II;Preocupación Menor (LC);Casi endémica
Saucerottia saucerottei;Apodiformes;TROCHILIDAE;Apéndice II;Preocupación Menor (LC);Casi endémica
Chordeiles acutipennis;Caprimulgiformes;CAPRIMULGIDAE;NA;Preocupación Menor (LC);Restringida
Hydropsalis cayennensis;Caprimulgiformes;CAPRIMULGIDAE;NA;Preocupación Menor (LC);Restringida
CAPRIMULGIDAE sp;Caprimulgiformes;CAPRIMULGIDAE;NA;NA;Restringida
Nyctidromus albicollis;Caprimulgiformes;CAPRIMULGIDAE;NA;Preocupación Menor (LC);Restringida
Cathartes aura;Cathartiformes;CATHARTIDAE;NA;Preocupación Menor (LC);Restringida
Cathartes aura meridionalis;Cathartiformes;CATHARTIDAE;NA;Preocupación Menor (LC);Restringida
Cathartes burrovianus;Cathartiformes;CATHARTIDAE;NA;Preocupación Menor (LC);Restringida
Coragyps atratus;Cathartiformes;CATHARTIDAE;NA;Preocupación Menor (LC);Restringida
Hesperoburhinus bistriatus;Charadriiformes;BURHINIDAE;NA;Preocupación Menor (LC);Restringida
Charadrius collaris;Charadriiformes;CHARADRIIDAE;NA;Preocupación Menor (LC);Restringida
Vanellus chilensis;Charadriiformes;CHARADRIIDAE;NA;Preocupación Menor (LC);Restringida
Jacana jacana;Charadriiformes;JACANIDAE;NA;Preocupación Menor (LC);Restringida
Himantopus mexicanus;Charadriiformes;RECURVIROSTRIDAE;NA;Preocupación Menor (LC);Restringida
Actitis macularius;Charadriiformes;SCOLOPACIDAE;NA;Preocupación Menor (LC);Restringida
Calidris melanotos;Charadriiformes;SCOLOPACIDAE;NA;Preocupación Menor (LC);Restringida
Calidris minutilla;Charadriiformes;SCOLOPACIDAE;NA;Preocupación Menor (LC);Restringida
Calidris pusilla;Charadriiformes;SCOLOPACIDAE;NA;Casi Amenazada (NT);Restringida
Gallinago delicata;Charadriiformes;SCOLOPACIDAE;NA;Preocupación Menor (LC);Restringida
Tringa flavipes;Charadriiformes;SCOLOPACIDAE;NA;Preocupación Menor (LC);Restringida
Tringa melanoleuca;Charadriiformes;SCOLOPACIDAE;NA;Preocupación Menor (LC);Restringida
Tringa semipalmata;Charadriiformes;SCOLOPACIDAE;NA;Preocupación Menor (LC);Restringida
Tringa solitaria;Charadriiformes;SCOLOPACIDAE;NA;Preocupación Menor (LC);Restringida
Mycteria americana;Ciconiiformes;CICONIIDAE;NA;Preocupación Menor (LC);Restringida
Columba livia;Columbiformes;COLUMBIDAE;NA;Preocupación Menor (LC);Cosmopolita
Columbina minuta;Columbiformes;COLUMBIDAE;NA;Preocupación Menor (LC);Restringida
Columbina passerina;Columbiformes;COLUMBIDAE;NA;Preocupación Menor (LC);Restringida
Columbina sp;Columbiformes;COLUMBIDAE;NA;NA;Restringida
Columbina squammata;Columbiformes;COLUMBIDAE;NA;Preocupación Menor (LC);Restringida
Columbina talpacoti;Columbiformes;COLUMBIDAE;NA;Preocupación Menor (LC);Restringida
Leptotila verreauxi;Columbiformes;COLUMBIDAE;NA;Preocupación Menor (LC);Restringida
COLUMBIDAE sp;Columbiformes;COLUMBIDAE;NA;NA;Restringida
Patagioenas cayennensis;Columbiformes;COLUMBIDAE;NA;Preocupación Menor (LC);Restringida
Zenaida auriculata;Columbiformes;COLUMBIDAE;NA;Preocupación Menor (LC);Restringida
Chloroceryle amazona;Coraciiformes;ALCEDINIDAE;NA;Preocupación Menor (LC);Restringida
Chloroceryle americana;Coraciiformes;ALCEDINIDAE;NA;Preocupación Menor (LC);Restringida
Megaceryle torquata;Coraciiformes;ALCEDINIDAE;NA;Preocupación Menor (LC);Restringida
Momotus subrufescens;Coraciiformes;MOMOTIDAE;NA;Preocupación Menor (LC);Restringida
Coccycua pumila;Cuculiformes;CUCULIDAE;NA;Preocupación Menor (LC);Restringida
Coccyzus americanus;Cuculiformes;CUCULIDAE;NA;Preocupación Menor (LC);Restringida
Coccyzus lansbergi;Cuculiformes;CUCULIDAE;NA;Preocupación Menor (LC);Restringida
Crotophaga ani;Cuculiformes;CUCULIDAE;NA;Preocupación Menor (LC);Restringida
Crotophaga major;Cuculiformes;CUCULIDAE;NA;Preocupación Menor (LC);Restringida
Crotophaga sp;Cuculiformes;CUCULIDAE;NA;NA;Restringida
Crotophaga sulcirostris;Cuculiformes;CUCULIDAE;NA;Preocupación Menor (LC);Restringida
Piaya cayana;Cuculiformes;CUCULIDAE;NA;Preocupación Menor (LC);Restringida
Tapera naevia;Cuculiformes;CUCULIDAE;NA;Preocupación Menor (LC);Restringida
Caracara plancus;Falconiformes;FALCONIDAE;Apéndice II;Preocupación Menor (LC);Restringida
Falco columbarius;Falconiformes;FALCONIDAE;Apéndice II;Preocupación Menor (LC);Cosmopolita
Falco femoralis;Falconiformes;FALCONIDAE;Apéndice II;Preocupación Menor (LC);Restringida
Falco sparverius;Falconiformes;FALCONIDAE;Apéndice II;Preocupación Menor (LC);Restringida
Herpetotheres cachinnans;Falconiformes;FALCONIDAE;Apéndice II;Preocupación Menor (LC);Restringida
Milvago chimachima;Falconiformes;FALCONIDAE;Apéndice II;Preocupación Menor (LC);Restringida
Hypnelus ruficollis;Galbuliformes;BUCCONIDAE;NA;Preocupación Menor (LC);Restringida
Galbula ruficauda;Galbuliformes;GALBULIDAE;NA;Preocupación Menor (LC);Restringida
Ortalis garrula;Galliformes;CRACIDAE;NA;Preocupación Menor (LC);Endémica
Colinus cristatus;Galliformes;ODONTOPHORIDAE;NA;Preocupación Menor (LC);Restringida
Aramus guarauna;Gruiformes;ARAMIDAE;NA;Preocupación Menor (LC);Restringida
Aramides cajaneus;Gruiformes;RALLIDAE;NA;Preocupación Menor (LC);Restringida
Laterallus albigularis;Gruiformes;RALLIDAE;NA;Preocupación Menor (LC);Restringida
Porphyrio martinica;Gruiformes;RALLIDAE;NA;Preocupación Menor (LC);Restringida
Aves sp;NA;NA;NA;NA;Restringida
NA;NA;NA;NA;NA;Restringida
Piranga olivacea;Passeriformes;CARDINALIDAE;NA;Preocupación Menor (LC);Restringida
Cyanocorax affinis;Passeriformes;CORVIDAE;NA;Preocupación Menor (LC);Casi endémica
Euphonia laniirostris;Passeriformes;FRINGILLIDAE;NA;Preocupación Menor (LC);Restringida
Euphonia trinitatis;Passeriformes;FRINGILLIDAE;NA;Preocupación Menor (LC);Restringida
Certhiaxis cinnamomeus;Passeriformes;FURNARIIDAE;NA;Preocupación Menor (LC);Restringida
Dendroplex picus;Passeriformes;FURNARIIDAE;NA;Preocupación Menor (LC);Restringida
Furnarius leucopus;Passeriformes;FURNARIIDAE;NA;Preocupación Menor (LC);Restringida
Synallaxis albescens;Passeriformes;FURNARIIDAE;NA;Preocupación Menor (LC);Restringida
Synallaxis candei;Passeriformes;FURNARIIDAE;NA;Preocupación Menor (LC);Casi endémica
Hirundo rustica;Passeriformes;HIRUNDINIDAE;NA;Preocupación Menor (LC);Cosmopolita
Progne chalybea;Passeriformes;HIRUNDINIDAE;NA;Preocupación Menor (LC);Restringida
Progne tapera;Passeriformes;HIRUNDINIDAE;NA;Preocupación Menor (LC);Restringida
Riparia riparia;Passeriformes;HIRUNDINIDAE;NA;Preocupación Menor (LC);Cosmopolita
Stelgidopteryx ruficollis;Passeriformes;HIRUNDINIDAE;NA;Preocupación Menor (LC);Restringida
Chrysomus icterocephalus;Passeriformes;ICTERIDAE;NA;Preocupación Menor (LC);Restringida
Icterus auricapillus;Passeriformes;ICTERIDAE;NA;Preocupación Menor (LC);Restringida
Icterus chrysater;Passeriformes;ICTERIDAE;NA;Preocupación Menor (LC);Restringida
Icterus galbula;Passeriformes;ICTERIDAE;NA;Preocupación Menor (LC);Restringida
Icterus nigrogularis;Passeriformes;ICTERIDAE;NA;Preocupación Menor (LC);Restringida
Icterus sp;Passeriformes;ICTERIDAE;NA;NA;Restringida
Leistes militaris;Passeriformes;ICTERIDAE;NA;Preocupación Menor (LC);Restringida
Molothrus bonariensis;Passeriformes;ICTERIDAE;NA;Preocupación Menor (LC);Restringida
Psarocolius decumanus;Passeriformes;ICTERIDAE;NA;Preocupación Menor (LC);Restringida
Quiscalus lugubris;Passeriformes;ICTERIDAE;NA;Preocupación Menor (LC);Restringida
Quiscalus mexicanus;Passeriformes;ICTERIDAE;NA;Preocupación Menor (LC);Restringida
Sturnella magna;Passeriformes;ICTERIDAE;NA;Casi Amenazada (NT);Restringida
Mimus gilvus;Passeriformes;MIMIDAE;NA;Preocupación Menor (LC);Restringida
Protonotaria citrea;Passeriformes;PARULIDAE;NA;Preocupación Menor (LC);Restringida
Setophaga fusca;Passeriformes;PARULIDAE;NA;Preocupación Menor (LC);Restringida
Setophaga petechia;Passeriformes;PARULIDAE;NA;Preocupación Menor (LC);Restringida
Arremonops conirostris;Passeriformes;PASSERELLIDAE;NA;Preocupación Menor (LC);Restringida
Formicivora grisea;Passeriformes;THAMNOPHILIDAE;NA;Preocupación Menor (LC);Restringida
Sakesphorus canadensis;Passeriformes;THAMNOPHILIDAE;NA;Preocupación Menor (LC);Restringida
Thamnophilus doliatus;Passeriformes;THAMNOPHILIDAE;NA;Preocupación Menor (LC);Restringida
Conirostrum leucogenys;Passeriformes;THRAUPIDAE;NA;Preocupación Menor (LC);Restringida
Nemosia pileata;Passeriformes;THRAUPIDAE;NA;Preocupación Menor (LC);Restringida
Saltator olivascens;Passeriformes;THRAUPIDAE;NA;Preocupación Menor (LC);Restringida
Saltator striatipectus;Passeriformes;THRAUPIDAE;NA;Preocupación Menor (LC);Restringida
Sicalis flaveola;Passeriformes;THRAUPIDAE;NA;Preocupación Menor (LC);Restringida
Sporophila minuta;Passeriformes;THRAUPIDAE;NA;Preocupación Menor (LC);Restringida
Thraupis episcopus;Passeriformes;THRAUPIDAE;NA;Preocupación Menor (LC);Restringida
Thraupis glaucocolpa;Passeriformes;THRAUPIDAE;NA;Preocupación Menor (LC);Restringida
Thraupis palmarum;Passeriformes;THRAUPIDAE;NA;Preocupación Menor (LC);Restringida
Volatinia jacarina;Passeriformes;THRAUPIDAE;NA;Preocupación Menor (LC);Restringida
Campylorhynchus griseus;Passeriformes;TROGLODYTIDAE;NA;Preocupación Menor (LC);Restringida
Campylorhynchus nuchalis;Passeriformes;TROGLODYTIDAE;NA;Preocupación Menor (LC);Restringida
Campylorhynchus sp;Passeriformes;TROGLODYTIDAE;NA;NA;Restringida
Troglodytes aedon;Passeriformes;TROGLODYTIDAE;NA;Preocupación Menor (LC);Restringida
Turdus grayi;Passeriformes;TURDIDAE;NA;Preocupación Menor (LC);Restringida
Arundinicola leucocephala;Passeriformes;TYRANNIDAE;NA;Preocupación Menor (LC);Restringida
Atalotriccus pilaris;Passeriformes;TYRANNIDAE;NA;Preocupación Menor (LC);Restringida
Camptostoma obsoletum;Passeriformes;TYRANNIDAE;NA;Preocupación Menor (LC);Restringida
Elaenia flavogaster;Passeriformes;TYRANNIDAE;NA;Preocupación Menor (LC);Restringida
Empidonax sp;Passeriformes;TYRANNIDAE;NA;NA;Restringida
Fluvicola pica;Passeriformes;TYRANNIDAE;NA;Preocupación Menor (LC);Restringida
Legatus leucophaius;Passeriformes;TYRANNIDAE;NA;Preocupación Menor (LC);Restringida
Machetornis rixosa;Passeriformes;TYRANNIDAE;NA;Preocupación Menor (LC);Restringida
Megarynchus pitangua;Passeriformes;TYRANNIDAE;NA;Preocupación Menor (LC);Restringida
Myiarchus sp;Passeriformes;TYRANNIDAE;NA;NA;Restringida
Myiarchus tuberculifer;Passeriformes;TYRANNIDAE;NA;Preocupación Menor (LC);Restringida
Myiarchus tyrannulus;Passeriformes;TYRANNIDAE;NA;Preocupación Menor (LC);Restringida
Myiodynastes maculatus;Passeriformes;TYRANNIDAE;NA;Preocupación Menor (LC);Restringida
Myiopagis gaimardii;Passeriformes;TYRANNIDAE;NA;Preocupación Menor (LC);Restringida
Myiozetetes cayanensis;Passeriformes;TYRANNIDAE;NA;Preocupación Menor (LC);Restringida
Myiozetetes similis;Passeriformes;TYRANNIDAE;NA;Preocupación Menor (LC);Restringida
Philohydor lictor;Passeriformes;TYRANNIDAE;NA;Preocupación Menor (LC);Restringida
Pitangus sulphuratus;Passeriformes;TYRANNIDAE;NA;Preocupación Menor (LC);Restringida
Poecilotriccus sylvia;Passeriformes;TYRANNIDAE;NA;Preocupación Menor (LC);Restringida
Pyrocephalus rubinus;Passeriformes;TYRANNIDAE;NA;Preocupación Menor (LC);Restringida
Todirostrum cinereum;Passeriformes;TYRANNIDAE;NA;Preocupación Menor (LC);Restringida
Todirostrum nigriceps;Passeriformes;TYRANNIDAE;NA;Preocupación Menor (LC);Casi endémica
Tolmomyias flaviventris;Passeriformes;TYRANNIDAE;NA;Preocupación Menor (LC);Restringida
Tyrannus dominicensis;Passeriformes;TYRANNIDAE;NA;Preocupación Menor (LC);Restringida
Tyrannus melancholicus;Passeriformes;TYRANNIDAE;NA;Preocupación Menor (LC);Restringida
Tyrannus savana;Passeriformes;TYRANNIDAE;NA;Preocupación Menor (LC);Restringida
Tyrannus tyrannus;Passeriformes;TYRANNIDAE;NA;Preocupación Menor (LC);Restringida
Cyclarhis gujanensis;Passeriformes;VIREONIDAE;NA;Preocupación Menor (LC);Restringida
Hylophilus flavipes;Passeriformes;VIREONIDAE;NA;Preocupación Menor (LC);Restringida
Ardea alba;Pelecaniformes;ARDEIDAE;NA;Preocupación Menor (LC);Restringida
Ardea cocoi;Pelecaniformes;ARDEIDAE;NA;Preocupación Menor (LC);Restringida
Bubulcus ibis;Pelecaniformes;ARDEIDAE;NA;Preocupación Menor (LC);Restringida
Butorides striata;Pelecaniformes;ARDEIDAE;NA;Preocupación Menor (LC);Restringida
Egretta caerulea;Pelecaniformes;ARDEIDAE;NA;Preocupación Menor (LC);Restringida
Egretta thula;Pelecaniformes;ARDEIDAE;NA;Preocupación Menor (LC);Restringida
Nycticorax nycticorax;Pelecaniformes;ARDEIDAE;NA;Preocupación Menor (LC);Restringida
Tigrisoma lineatum;Pelecaniformes;ARDEIDAE;NA;Preocupación Menor (LC);Restringida
Mesembrinibis cayennensis;Pelecaniformes;THRESKIORNITHIDAE;NA;Preocupación Menor (LC);Restringida
Phimosus infuscatus;Pelecaniformes;THRESKIORNITHIDAE;NA;Preocupación Menor (LC);Restringida
Platalea ajaja;Pelecaniformes;THRESKIORNITHIDAE;NA;Preocupación Menor (LC);Restringida
Theristicus caudatus;Pelecaniformes;THRESKIORNITHIDAE;NA;Preocupación Menor (LC);Restringida
Campephilus melanoleucos;Piciformes;PICIDAE;NA;Preocupación Menor (LC);Restringida
Colaptes punctigula;Piciformes;PICIDAE;NA;Preocupación Menor (LC);Restringida
Dryocopus lineatus;Piciformes;PICIDAE;NA;Preocupación Menor (LC);Restringida
Melanerpes rubricapillus;Piciformes;PICIDAE;NA;Preocupación Menor (LC);Restringida
Picumnus cinnamomeus;Piciformes;PICIDAE;NA;Preocupación Menor (LC);Casi endémica
Brotogeris jugularis;Psittaciformes;PSITTACIDAE;Apéndice II;Preocupación Menor (LC);Restringida
Eupsittula pertinax;Psittaciformes;PSITTACIDAE;Apéndice II;Preocupación Menor (LC);Restringida
Forpus conspicillatus;Psittaciformes;PSITTACIDAE;Apéndice II;Preocupación Menor (LC);Casi endémica
Forpus spengeli;Psittaciformes;PSITTACIDAE;Apéndice II;Preocupación Menor (LC);Endémica
PSITTACIDAE sp;Psittaciformes;PSITTACIDAE;Apéndice II;NA;Restringida
Asio clamator;Strigiformes;STRIGIDAE;Apéndice II;Preocupación Menor (LC);Restringida
Bubo virginianus;Strigiformes;STRIGIDAE;Apéndice II;Preocupación Menor (LC);Restringida
Glaucidium brasilianum;Strigiformes;STRIGIDAE;Apéndice II;Preocupación Menor (LC);Restringida
Tyto alba;Strigiformes;TYTONIDAE;Apéndice II;Preocupación Menor (LC);Cosmopolita
Cerdocyon thous;Carnivora;CANIDAE;Apéndice II;Preocupación Menor (LC);Restringida
Puma yagouaroundi;Carnivora;FELIDAE;Apéndice II;Preocupación Menor (LC);Restringida
Procyon cancrivorus;Carnivora;PROCYONIDAE;NA;Preocupación Menor (LC);Restringida
Cynomops planirostris;Chiroptera;MOLOSSIDAE;NA;Preocupación Menor (LC);Restringida
Eumops dabbenei;Chiroptera;MOLOSSIDAE;NA;Preocupación Menor (LC);Restringida
Eumops glaucinus;Chiroptera;MOLOSSIDAE;NA;Preocupación Menor (LC);Restringida
Molossus molossus;Chiroptera;MOLOSSIDAE;NA;Preocupación Menor (LC);Restringida
Molossus pretiosus;Chiroptera;MOLOSSIDAE;NA;Preocupación Menor (LC);Restringida
Molossus rufus;Chiroptera;MOLOSSIDAE;NA;Preocupación Menor (LC);Restringida
Molossus sp;Chiroptera;MOLOSSIDAE;NA;NA;Restringida
Promops centralis;Chiroptera;MOLOSSIDAE;NA;Preocupación Menor (LC);Restringida
Noctilio albiventris;Chiroptera;NOCTILIONIDAE;NA;Preocupación Menor (LC);Restringida
Noctilio leporinus;Chiroptera;NOCTILIONIDAE;NA;Preocupación Menor (LC);Restringida
Artibeus jamaicensis;Chiroptera;PHYLLOSTOMIDAE;NA;Preocupación Menor (LC);Restringida
Artibeus lituratus;Chiroptera;PHYLLOSTOMIDAE;NA;Preocupación Menor (LC);Restringida
Carollia brevicauda;Chiroptera;PHYLLOSTOMIDAE;NA;Preocupación Menor (LC);Restringida
Phyllostomus discolor;Chiroptera;PHYLLOSTOMIDAE;NA;Preocupación Menor (LC);Restringida
Trachops cirrhosus;Chiroptera;PHYLLOSTOMIDAE;NA;Preocupación Menor (LC);Restringida
Cabassous centralis;Cingulata;CHLAMYPHORIDAE;NA;Datos Insuficientes (DD);Restringida
Dasypus novemcinctus;Cingulata;DASYPODIDAE;NA;Preocupación Menor (LC);Restringida
Didelphis marsupialis;Didelphimorphia;DIDELPHIDAE;NA;Preocupación Menor (LC);Restringida
Marmosa robinsoni;Didelphimorphia;DIDELPHIDAE;NA;Preocupación Menor (LC);Restringida
Sylvilagus floridanus;Lagomorpha;LEPORIDAE;NA;Preocupación Menor (LC);Restringida
Myrmecophaga tridactyla;Pilosa;MYRMECOPHAGIDAE;Apéndice II;Vulnerable (VU);Restringida
Tamandua mexicana;Pilosa;MYRMECOPHAGIDAE;NA;Preocupación Menor (LC);Restringida
Hydrochoerus isthmius;Rodentia;CAVIIDAE;NA;Datos Insuficientes (DD);Casi endémica
Calomys hummelincki;Rodentia;CRICETIDAE;NA;Preocupación Menor (LC);Restringida
Oecomys trinitatis;Rodentia;CRICETIDAE;NA;Preocupación Menor (LC);Restringida
Oligoryzomys delicatus;Rodentia;CRICETIDAE;NA;No Evaluado (NE);Restringida
Sigmodon hirsutus;Rodentia;CRICETIDAE;NA;Preocupación Menor (LC);Restringida
Rodentia Indeterminado;Rodentia;Indeterminado;NA;NA;Restringida
Zygodontomys brevicauda;Rodentia;CRICETIDAE;NA;Preocupación Menor (LC);Restringida
Dasyprocta punctata;Rodentia;DASYPROCTIDAE;NA;Preocupación Menor (LC);Restringida
Pattonomys semivillosus;Rodentia;ECHIMYIDAE;NA;Preocupación Menor (LC);Endémica
Proechimys canicollis;Rodentia;ECHIMYIDAE;NA;Preocupación Menor (LC);Restringida
Mus musculus;Rodentia;MURIDAE;NA;Preocupación Menor (LC);Cosmopolita
Rattus norvegicus;Rodentia;MURIDAE;NA;Preocupación Menor (LC);Cosmopolita
Caiman crocodilus;Crocodylia;ALLIGATORIDAE;Apéndice II;Preocupación Menor (LC);Restringida
Anolis sp;Squamata;ANOLIDAE;NA;Preocupación Menor (LC);Restringida
Anolis auratus;Squamata;ANOLIDAE;NA;Preocupación Menor (LC);Restringida
Anolis gaigei;Squamata;ANOLIDAE;NA;Preocupación Menor (LC);Restringida
Liotyphlops albirostris;Squamata;ANOMALEPIDIDAE;NA;Preocupación Menor (LC);Restringida
Boa constrictor;Squamata;BOIDAE;Apéndice II;Preocupación Menor (LC);Restringida
Epicrates maurus;Squamata;BOIDAE;Apéndice II;Preocupación Menor (LC);Restringida
Dryophylax gambotensis;Squamata;COLUBRIDAE;NA;Preocupación Menor (LC);Endémica
Erythrolamprus melanotus;Squamata;COLUBRIDAE;NA;Preocupación Menor (LC);Restringida
Helicops danieli;Squamata;COLUBRIDAE;NA;Preocupación Menor (LC);Endémica
Imantodes cenchoa;Squamata;COLUBRIDAE;NA;Preocupación Menor (LC);Restringida
Leptodeira ashmeadii;Squamata;COLUBRIDAE;NA;Preocupación Menor (LC);Restringida
Leptophis occidentalis;Squamata;COLUBRIDAE;NA;Preocupación Menor (LC);Restringida
Lygophis lineatus;Squamata;COLUBRIDAE;NA;Preocupación Menor (LC);Restringida
Mastigodryas pleii;Squamata;COLUBRIDAE;NA;Preocupación Menor (LC);Restringida
Oxybelis aeneus;Squamata;COLUBRIDAE;NA;Preocupación Menor (LC);Restringida
Phimophis guianensis;Squamata;COLUBRIDAE;NA;Preocupación Menor (LC);Restringida
Pseudoboa neuwiedii;Squamata;COLUBRIDAE;NA;Preocupación Menor (LC);Restringida
Tantilla melanocephala;Squamata;COLUBRIDAE;NA;Preocupación Menor (LC);Restringida
Tantilla semicincta;Squamata;COLUBRIDAE;NA;Preocupación Menor (LC);Restringida
Micrurus dissoleucus;Squamata;ELAPIDAE;NA;Preocupación Menor (LC);Restringida
Micrurus dumerilii;Squamata;ELAPIDAE;NA;Preocupación Menor (LC);Restringida
Hemidactylus frenatus;Squamata;GEKKONIDAE;NA;Preocupación Menor (LC);Cosmopolita
Bachia bicolor;Squamata;GYMNOPHTHALMIDAE;NA;Preocupación Menor (LC);Restringida
Gymnophthalmus speciosus;Squamata;GYMNOPHTHALMIDAE;NA;Preocupación Menor (LC);Restringida
Iguana iguana;Squamata;IGUANIDAE;Apéndice II;Preocupación Menor (LC);Restringida
Thecadactylus rapicauda;Squamata;PHYLLODACTYLIDAE;NA;Preocupación Menor (LC);Restringida
Marisora sp;Squamata;SCINCIDAE;NA;NA;Restringida
Gonatodes albogularis;Squamata;SPHAERODACTYLIDAE;NA;Preocupación Menor (LC);Restringida
Lepidoblepharis sanctaemartae;Squamata;SPHAERODACTYLIDAE;NA;Preocupación Menor (LC);Restringida
Ameiva bifrontata;Squamata;TEIIDAE;NA;Preocupación Menor (LC);Restringida
Ameiva praesignis;Squamata;TEIIDAE;NA;Preocupación Menor (LC);Restringida
Cnemidophorus lemniscatus;Squamata;TEIIDAE;NA;No Evaluado (NE);Restringida
Holcosus festivus;Squamata;TEIIDAE;NA;Preocupación Menor (LC);Restringida
Tupinambis aff. teguixin;Squamata;TEIIDAE;NA;Preocupación Menor (LC);Restringida
Crotalus durissus;Squamata;VIPERIDAE;NA;Preocupación Menor (LC);Restringida
Porthidium lansbergii;Squamata;VIPERIDAE;NA;Preocupación Menor (LC);Restringida
Mesoclemmys dahli;Testudines;CHELIDAE;NA;En Peligro Crítico (CR);Endémica
Trachemys callirostris;Testudines;EMYDIDAE;NA;No Evaluado (NE);Restringida
Kinosternon scorpioides;Testudines;KINOSTERNIDAE;Apéndice II;No Evaluado (NE);Restringida
Chelonoidis carbonarius;Testudines;TESTUDINIDAE;Apéndice II;No Evaluado (NE);Restringida
Sin registros;No aplica;No aplica;NA;NA;NA
Butorides virescens;Pelecaniformes;ARDEIDAE;NA;Preocupación Menor (LC);Restringida
Buteo brachyurus;Accipitriformes;ACCIPITRIDAE;Apéndice II;Preocupación Menor (LC);Restringida
Egretta tricolor;Pelecaniformes;ARDEIDAE;NA;Preocupación Menor (LC);Restringida
Phalacrocorax brasilianus;Suliformes;PHALACROCORACIDAE;NA;Preocupación Menor (LC);Restringida
Micrastur semitorquatus;Falconiformes;FALCONIDAE;Apéndice II;Preocupación Menor (LC);Restringida
Chauna chavaria;Anseriformes;ANHIMIDAE;NA;Preocupación Menor (LC);Casi endémica
Sublegatus arenarum;Passeriformes;TYRANNIDAE;NA;Preocupación Menor (LC);Restringida
Tachybaptus dominicus;Podicipediformes;PODICIPEDIDAE;NA;Preocupación Menor (LC);Restringida
Tolmomyias sulphurescens;Passeriformes;TYRANNIDAE;NA;Preocupación Menor (LC);Restringida
Phaetusa simplex;Charadriiformes;LARIDAE;NA;Preocupación Menor (LC);Restringida
Myiarchus crinitus;Passeriformes;TYRANNIDAE;NA;Preocupación Menor (LC);Restringida
